,時点,死亡数,集計年,説明変数,予測値,実測値からの差
0,1978年1月,69746,1978,1978.0833333333333,49805.4411512902,19940.5588487098
1,1978年2月,62168,1978,1978.1666666666667,49935.347726629116,12232.652273370884
2,1978年3月,61633,1978,1978.25,50065.25430196803,11567.74569803197
3,1978年4月,56847,1978,1978.3333333333333,50195.160877306946,6651.839122693054
4,1978年5月,55910,1978,1978.4166666666667,50325.06745264586,5584.932547354139
5,1978年6月,53224,1978,1978.5,50454.974027984776,2769.0259720152244
6,1978年7月,55973,1978,1978.5833333333333,50584.880603323225,5388.119396676775
7,1978年8月,54424,1978,1978.6666666666667,50714.787178662606,3709.2128213373944
8,1978年9月,50707,1978,1978.75,50844.693754001055,-137.6937540010549
9,1978年10月,56824,1978,1978.8333333333333,50974.60032933997,5849.39967066003
10,1978年11月,56857,1978,1978.9166666666667,51104.50690467935,5752.493095320649
11,1978年12月,61508,1978,1979.0,51234.4134800178,10273.5865199822
12,1979年1月,64749,1979,1979.0833333333333,51364.320055356715,13384.679944643285
13,1979年2月,54762,1979,1979.1666666666667,51494.22663069563,3267.77336930437
14,1979年3月,61104,1979,1979.25,51624.133206034545,9479.866793965455
15,1979年4月,57316,1979,1979.3333333333333,51754.03978137346,5561.96021862654
16,1979年5月,57254,1979,1979.4166666666667,51883.946356712375,5370.053643287625
17,1979年6月,53303,1979,1979.5,52013.85293205129,1289.1470679487102
18,1979年7月,53954,1979,1979.5833333333333,52143.759507390205,1810.2404926097952
19,1979年8月,54851,1979,1979.6666666666667,52273.66608272912,2577.33391727088
20,1979年9月,51865,1979,1979.75,52403.572658068035,-538.5726580680348
21,1979年10月,57236,1979,1979.8333333333333,52533.47923340695,4702.52076659305
22,1979年11月,58845,1979,1979.9166666666667,52663.385808745865,6181.614191254135
23,1979年12月,64425,1979,1980.0,52793.29238408478,11631.70761591522
24,1980年1月,70362,1980,1980.0833333333333,52923.19895942323,17438.80104057677
25,1980年2月,66245,1980,1980.1666666666667,53053.10553476261,13191.89446523739
26,1980年3月,69135,1980,1980.25,53183.01211010106,15951.987889898941
27,1980年4月,60975,1980,1980.3333333333333,53312.918685439974,7662.081314560026
28,1980年5月,58924,1980,1980.4166666666667,53442.825260779355,5481.174739220645
29,1980年6月,52539,1980,1980.5,53572.731836117804,-1033.731836117804
30,1980年7月,53571,1980,1980.5833333333333,53702.63841145672,-131.63841145671904
31,1980年8月,53653,1980,1980.6666666666667,53832.544986795634,-179.54498679563403
32,1980年9月,52472,1980,1980.75,53962.45156213455,-1490.451562134549
33,1980年10月,58267,1980,1980.8333333333333,54092.358137473464,4174.641862526536
34,1980年11月,60124,1980,1980.9166666666667,54222.26471281238,5901.735287187621
35,1980年12月,66534,1980,1981.0,54352.171288151294,12181.828711848706
36,1981年1月,71327,1981,1981.0833333333333,54482.07786349021,16844.92213650979
37,1981年2月,60934,1981,1981.1666666666667,54611.984438829124,6322.015561170876
38,1981年3月,65853,1981,1981.25,54741.89101416804,11111.108985831961
39,1981年4月,60286,1981,1981.3333333333333,54871.797589506954,5414.202410493046
40,1981年5月,58584,1981,1981.4166666666667,55001.70416484587,3582.295835154131
41,1981年6月,53895,1981,1981.5,55131.610740184784,-1236.610740184784
42,1981年7月,57678,1981,1981.5833333333333,55261.51731552323,2416.4826844767667
43,1981年8月,54819,1981,1981.6666666666667,55391.423890862614,-572.4238908626139
44,1981年9月,52582,1981,1981.75,55521.33046620106,-2939.3304662010632
45,1981年10月,57887,1981,1981.8333333333333,55651.23704153998,2235.7629584600218
46,1981年11月,60888,1981,1981.9166666666667,55781.14361687936,5106.856383120641
47,1981年12月,65529,1981,1982.0,55911.05019221781,9617.949807782192
48,1982年1月,68146,1982,1982.0833333333333,56040.95676755672,12105.043232443277
49,1982年2月,66251,1982,1982.1666666666667,56170.86334289564,10080.136657104362
50,1982年3月,65819,1982,1982.25,56300.76991823455,9518.230081765447
51,1982年4月,60097,1982,1982.3333333333333,56430.67649357347,3666.323506426532
52,1982年5月,58094,1982,1982.4166666666667,56560.58306891238,1533.4169310876168
53,1982年6月,52136,1982,1982.5,56690.4896442513,-4554.489644251298
54,1982年7月,53845,1982,1982.5833333333333,56820.39621959021,-2975.396219590213
55,1982年8月,54593,1982,1982.6666666666667,56950.30279492913,-2357.302794929128
56,1982年9月,52669,1982,1982.75,57080.20937026804,-4411.209370268043
57,1982年10月,57514,1982,1982.8333333333333,57210.11594560649,303.88405439350754
58,1982年11月,58035,1982,1982.9166666666667,57340.02252094587,694.9774790541269
59,1982年12月,64684,1982,1983.0,57469.92909628479,7214.070903715212
60,1983年1月,73258,1983,1983.0833333333333,57599.83567162324,15658.164328376763
61,1983年2月,69619,1983,1983.1666666666667,57729.74224696262,11889.257753037382
62,1983年3月,66616,1983,1983.25,57859.64882230107,8756.351177698933
63,1983年4月,59457,1983,1983.3333333333333,57989.55539763998,1467.4446023600176
64,1983年5月,58702,1983,1983.4166666666667,58119.46197297936,582.538027020637
65,1983年6月,53558,1983,1983.5,58249.36854831781,-4691.368548317812
66,1983年7月,56576,1983,1983.5833333333333,58379.27512365673,-1803.2751236567274
67,1983年8月,59073,1983,1983.6666666666667,58509.18169899564,563.8183010043576
68,1983年9月,53650,1983,1983.75,58639.08827433456,-4989.088274334557
69,1983年10月,60120,1983,1983.8333333333333,58768.99484967347,1351.0051503265277
70,1983年11月,62403,1983,1983.9166666666667,58898.90142501239,3504.0985749876127
71,1983年12月,67006,1983,1984.0,59028.8080003513,7977.191999648698
72,1984年1月,73279,1984,1984.0833333333333,59158.71457569022,14120.285424309783
73,1984年2月,66490,1984,1984.1666666666667,59288.62115102913,7201.378848970868
74,1984年3月,67797,1984,1984.25,59418.52772636805,8378.472273631953
75,1984年4月,61736,1984,1984.3333333333333,59548.4343017065,2187.5656982935034
76,1984年5月,60906,1984,1984.4166666666667,59678.34087704588,1227.6591229541227
77,1984年6月,55007,1984,1984.5,59808.24745238479,-4801.247452384792
78,1984年7月,56815,1984,1984.5833333333333,59938.15402772324,-3123.1540277232416
79,1984年8月,58403,1984,1984.6666666666667,60068.06060306262,-1665.0606030626222
80,1984年9月,54269,1984,1984.75,60197.96717840107,-5928.967178401072
81,1984年10月,59420,1984,1984.8333333333333,60327.87375373999,-907.8737537399866
82,1984年11月,60283,1984,1984.9166666666667,60457.78032907937,-174.78032907936722
83,1984年12月,65842,1984,1985.0,60587.68690441782,5254.313095582183
84,1985年1月,71890,1985,1985.0833333333333,60717.59347975673,11172.406520243268
85,1985年2月,62025,1985,1985.1666666666667,60847.50005509565,1177.4999449043535
86,1985年3月,66571,1985,1985.25,60977.40663043456,5593.5933695654385
87,1985年4月,60953,1985,1985.3333333333333,61107.31320577348,-154.3132057734765
88,1985年5月,59890,1985,1985.4166666666667,61237.21978111239,-1347.2197811123915
89,1985年6月,55584,1985,1985.5,61367.12635645131,-5783.1263564513065
90,1985年7月,58231,1985,1985.5833333333333,61497.03293179022,-3266.0329317902215
91,1985年8月,58738,1985,1985.6666666666667,61626.93950712914,-2888.9395071291365
92,1985年9月,54709,1985,1985.75,61756.84608246805,-7047.8460824680515
93,1985年10月,61804,1985,1985.8333333333333,61886.7526578065,-82.75265780650079
94,1985年11月,63122,1985,1985.9166666666667,62016.65923314588,1105.3407668541186
95,1985年12月,78766,1985,1986.0,62146.5658084848,16619.434191515204
96,1986年1月,77074,1986,1986.0833333333333,62276.472383823246,14797.527616176754
97,1986年2月,64083,1986,1986.1666666666667,62406.37895916263,1676.6210408373736
98,1986年3月,67323,1986,1986.25,62536.285534501076,4786.714465498924
99,1986年4月,62502,1986,1986.3333333333333,62666.19210983999,-164.19210983999074
100,1986年5月,60895,1986,1986.4166666666667,62796.09868517937,-1901.0986851793714
101,1986年6月,56927,1986,1986.5,62926.00526051782,-5999.005260517821
102,1986年7月,57370,1986,1986.5833333333333,63055.911835856736,-5685.911835856736
103,1986年8月,57324,1986,1986.6666666666667,63185.81841119565,-5861.818411195651
104,1986年9月,55212,1986,1986.75,63315.724986534566,-8103.724986534566
105,1986年10月,61862,1986,1986.8333333333333,63445.63156187348,-1583.6315618734807
106,1986年11月,63231,1986,1986.9166666666667,63575.538137212396,-344.53813721239567
107,1986年12月,66817,1986,1987.0,63705.44471255131,3111.5552874486893
108,1987年1月,72123,1987,1987.0833333333333,63835.351287890226,8287.648712109774
109,1987年2月,61262,1987,1987.1666666666667,63965.25786322914,-2703.2578632291406
110,1987年3月,67186,1987,1987.25,64095.164438568056,3090.8355614319444
111,1987年4月,62561,1987,1987.3333333333333,64225.071013906505,-1664.071013906505
112,1987年5月,60944,1987,1987.4166666666667,64354.977589245886,-3410.9775892458856
113,1987年6月,57571,1987,1987.5,64484.8841645848,-6913.884164584801
114,1987年7月,58765,1987,1987.5833333333333,64614.79073992325,-5849.79073992325
115,1987年8月,58124,1987,1987.6666666666667,64744.69731526263,-6620.697315262631
116,1987年9月,56651,1987,1987.75,64874.60389060108,-8223.60389060108
117,1987年10月,62149,1987,1987.8333333333333,65004.510465939995,-2855.510465939995
118,1987年11月,63456,1987,1987.9166666666667,65134.417041279376,-1678.4170412793756
119,1987年12月,70380,1987,1988.0,65264.323616617825,5115.676383382175
120,1988年1月,71188,1988,1988.0833333333333,65394.23019195674,5793.76980804326
121,1988年2月,68902,1988,1988.1666666666667,65524.136767295655,3377.863232704345
122,1988年3月,74184,1988,1988.25,65654.04334263457,8529.95665736543
123,1988年4月,66642,1988,1988.3333333333333,65783.94991797348,858.0500820265152
124,1988年5月,64633,1988,1988.4166666666667,65913.8564933124,-1280.8564933123998
125,1988年6月,59699,1988,1988.5,66043.76306865131,-6344.763068651315
126,1988年7月,60079,1988,1988.5833333333333,66173.66964399023,-6094.66964399023
127,1988年8月,61928,1988,1988.6666666666667,66303.57621932914,-4375.576219329145
128,1988年9月,58089,1988,1988.75,66433.48279466806,-8344.48279466806
129,1988年10月,65424,1988,1988.8333333333333,66563.38937000651,-1139.3893700065091
130,1988年11月,69151,1988,1988.9166666666667,66693.29594534589,2457.70405465411
131,1988年12月,73095,1988,1989.0,66823.2025206848,6271.797479315195
132,1989年1月,76261,1989,1989.0833333333333,66953.10909602325,9307.890903976746
133,1989年2月,64290,1989,1989.1666666666667,67083.01567136263,-2793.0156713626347
134,1989年3月,69575,1989,1989.25,67212.92224670108,2362.077753298916
135,1989年4月,64320,1989,1989.3333333333333,67342.82882204,-3022.828822039999
136,1989年5月,64802,1989,1989.4166666666667,67472.73539737938,-2670.7353973793797
137,1989年6月,60716,1989,1989.5,67602.64197271783,-6886.641972717829
138,1989年7月,61660,1989,1989.5833333333333,67732.54854805674,-6072.548548056744
139,1989年8月,60863,1989,1989.6666666666667,67862.45512339566,-6999.455123395659
140,1989年9月,59395,1989,1989.75,67992.36169873457,-8597.361698734574
141,1989年10月,66813,1989,1989.8333333333333,68122.26827407349,-1309.268274073489
142,1989年11月,65595,1989,1989.9166666666667,68252.1748494124,-2657.174849412404
143,1989年12月,74304,1989,1990.0,68382.08142475132,5921.918575248681
144,1990年1月,86321,1990,1990.0833333333333,68511.98800009023,17809.011999909766
145,1990年2月,72327,1990,1990.1666666666667,68641.89457542915,3685.105424570851
146,1990年3月,72963,1990,1990.25,68771.80115076806,4191.198849231936
147,1990年4月,66321,1990,1990.3333333333333,68901.70772610651,-2580.7077261065133
148,1990年5月,65776,1990,1990.4166666666667,69031.6143014459,-3255.614301445894
149,1990年6月,61009,1990,1990.5,69161.52087678481,-8152.520876784809
150,1990年7月,63735,1990,1990.5833333333333,69291.42745212326,-5556.427452123258
151,1990年8月,64117,1990,1990.6666666666667,69421.33402746264,-5304.334027462639
152,1990年9月,60061,1990,1990.75,69551.24060280109,-9490.240602801088
153,1990年10月,66399,1990,1990.8333333333333,69681.14717814,-3282.1471781400032
154,1990年11月,68203,1990,1990.9166666666667,69811.05375347938,-1608.0537534793839
155,1990年12月,73073,1990,1991.0,69940.96032881783,3132.039671182167
156,1991年1月,79568,1991,1991.0833333333333,70070.86690415675,9497.133095843252
157,1991年2月,71133,1991,1991.1666666666667,70200.77347949566,932.2265205043368
158,1991年3月,76077,1991,1991.25,70330.68005483458,5746.319945165422
159,1991年4月,69379,1991,1991.3333333333333,70460.5866301735,-1081.5866301734932
160,1991年5月,69460,1991,1991.4166666666667,70590.49320551241,-1130.4932055124082
161,1991年6月,62706,1991,1991.5,70720.39978085132,-8014.399780851323
162,1991年7月,64337,1991,1991.5833333333333,70850.30635619024,-6513.306356190238
163,1991年8月,63451,1991,1991.6666666666667,70980.21293152915,-7529.212931529153
164,1991年9月,60903,1991,1991.75,71110.11950686807,-10207.119506868068
165,1991年10月,67236,1991,1991.8333333333333,71240.02608220652,-4004.0260822065175
166,1991年11月,71485,1991,1991.9166666666667,71369.9326575459,115.06734245410189
167,1991年12月,74062,1991,1992.0,71499.83923288481,2562.160767115187
168,1992年1月,80133,1992,1992.0833333333333,71629.74580822326,8503.254191776738
169,1992年2月,76508,1992,1992.1666666666667,71759.65238356264,4748.347616437357
170,1992年3月,76365,1992,1992.25,71889.55895890109,4475.441041098908
171,1992年4月,69626,1992,1992.3333333333333,72019.46553424001,-2393.4655342400074
172,1992年5月,70534,1992,1992.4166666666667,72149.37210957939,-1615.372109579388
173,1992年6月,65217,1992,1992.5,72279.27868491784,-7062.278684917837
174,1992年7月,67280,1992,1992.5833333333333,72409.18526025675,-5129.185260256752
175,1992年8月,66385,1992,1992.6666666666667,72539.09183559567,-6154.091835595667
176,1992年9月,64367,1992,1992.75,72668.99841093458,-8301.998410934582
177,1992年10月,69422,1992,1992.8333333333333,72798.9049862735,-3376.9049862734973
178,1992年11月,72160,1992,1992.9166666666667,72928.81156161241,-768.8115616124123
179,1992年12月,78646,1992,1993.0,73058.71813695133,5587.281863048673
180,1993年1月,90340,1993,1993.0833333333333,73188.62471229024,17151.375287709758
181,1993年2月,80576,1993,1993.1666666666667,73318.53128762916,7257.468712370843
182,1993年3月,80705,1993,1993.25,73448.43786296807,7256.562137031928
183,1993年4月,72850,1993,1993.3333333333333,73578.34443830652,-728.3444383065216
184,1993年5月,70802,1993,1993.4166666666667,73708.2510136459,-2906.2510136459023
185,1993年6月,64771,1993,1993.5,73838.15758898482,-9067.157588984817
186,1993年7月,67071,1993,1993.5833333333333,73968.06416432327,-6897.064164323267
187,1993年8月,65978,1993,1993.6666666666667,74097.97073966265,-8119.970739662647
188,1993年9月,63933,1993,1993.75,74227.8773150011,-10294.877315001097
189,1993年10月,71457,1993,1993.8333333333333,74357.78389034001,-2900.7838903400116
190,1993年11月,71107,1993,1993.9166666666667,74487.69046567939,-3380.690465679392
191,1993年12月,78942,1993,1994.0,74617.59704101784,4324.402958982158
192,1994年1月,82166,1994,1994.0833333333333,74747.50361635676,7418.4963836432435
193,1994年2月,73677,1994,1994.1666666666667,74877.41019169567,-1200.4101916956715
194,1994年3月,81175,1994,1994.25,75007.31676703459,6167.6832329654135
195,1994年4月,73396,1994,1994.3333333333333,75137.2233423735,-1741.2233423735015
196,1994年5月,69637,1994,1994.4166666666667,75267.12991771242,-5630.1299177124165
197,1994年6月,64002,1994,1994.5,75397.03649305133,-11395.036493051331
198,1994年7月,69240,1994,1994.5833333333333,75526.94306839025,-6286.9430683902465
199,1994年8月,71697,1994,1994.6666666666667,75656.84964372916,-3959.8496437291615
200,1994年9月,65827,1994,1994.75,75786.75621906808,-9959.756219068076
201,1994年10月,71340,1994,1994.8333333333333,75916.66279440653,-4576.662794406526
202,1994年11月,73201,1994,1994.9166666666667,76046.5693697459,-2845.5693697459064
203,1994年12月,80575,1994,1995.0,76176.47594508482,4398.524054915179
204,1995年1月,104324,1995,1995.0833333333333,76306.38252042327,28017.61747957673
205,1995年2月,86085,1995,1995.1666666666667,76436.28909576265,9648.710904237349
206,1995年3月,86986,1995,1995.25,76566.1956711011,10419.8043288989
207,1995年4月,74787,1995,1995.3333333333333,76696.10224644002,-1909.1022464400157
208,1995年5月,72093,1995,1995.4166666666667,76826.0088217794,-4733.008821779396
209,1995年6月,65931,1995,1995.5,76955.91539711785,-11024.915397117846
210,1995年7月,68778,1995,1995.5833333333333,77085.82197245676,-8307.82197245676
211,1995年8月,69268,1995,1995.6666666666667,77215.72854779568,-7947.728547795676
212,1995年9月,65904,1995,1995.75,77345.63512313459,-11441.63512313459
213,1995年10月,70587,1995,1995.8333333333333,77475.5416984735,-6888.541698473506
214,1995年11月,75284,1995,1995.9166666666667,77605.44827381242,-2321.4482738124207
215,1995年12月,82112,1995,1996.0,77735.35484915134,4376.645150848664
216,1996年1月,85194,1996,1996.0833333333333,77865.26142449025,7328.738575509749
217,1996年2月,79458,1996,1996.1666666666667,77995.16799982917,1462.8320001708344
218,1996年3月,80781,1996,1996.25,78125.07457516808,2655.9254248319194
219,1996年4月,75578,1996,1996.3333333333333,78254.98115050653,-2676.98115050653
220,1996年5月,73412,1996,1996.4166666666667,78384.88772584591,-4972.887725845911
221,1996年6月,65575,1996,1996.5,78514.79430118483,-12939.794301184826
222,1996年7月,68880,1996,1996.5833333333333,78644.70087652327,-9764.700876523275
223,1996年8月,68190,1996,1996.6666666666667,78774.60745186266,-10584.607451862656
224,1996年9月,66203,1996,1996.75,78904.5140272011,-12701.514027201105
225,1996年10月,73374,1996,1996.8333333333333,79034.42060254002,-5660.42060254002
226,1996年11月,73927,1996,1996.9166666666667,79164.3271778794,-5237.327177879401
227,1996年12月,85639,1996,1997.0,79294.23375321785,6344.76624678215
228,1997年1月,102195,1997,1997.0833333333333,79424.14032855676,22770.859671443235
229,1997年2月,80072,1997,1997.1666666666667,79554.04690389568,517.9530961043201
230,1997年3月,81559,1997,1997.25,79683.9534792346,1875.0465207654051
231,1997年4月,75638,1997,1997.3333333333333,79813.86005457351,-4175.86005457351
232,1997年5月,72479,1997,1997.4166666666667,79943.76662991242,-7464.766629912425
233,1997年6月,67852,1997,1997.5,80073.67320525134,-12221.67320525134
234,1997年7月,68232,1997,1997.5833333333333,80203.57978059025,-11971.579780590255
235,1997年8月,68358,1997,1997.6666666666667,80333.48635592917,-11975.48635592917
236,1997年9月,65865,1997,1997.75,80463.39293126808,-14598.392931268085
237,1997年10月,74523,1997,1997.8333333333333,80593.29950660653,-6070.299506606534
238,1997年11月,75916,1997,1997.9166666666667,80723.20608194591,-4807.206081945915
239,1997年12月,80713,1997,1998.0,80853.11265728483,-140.11265728482977
240,1998年1月,89678,1998,1998.0833333333333,80983.01923262328,8694.98076737672
241,1998年2月,88074,1998,1998.1666666666667,81112.92580796266,6961.07419203734
242,1998年3月,86105,1998,1998.25,81242.83238330111,4862.167616698891
243,1998年4月,75440,1998,1998.3333333333333,81372.73895864002,-5932.738958640024
244,1998年5月,74266,1998,1998.4166666666667,81502.6455339794,-7236.645533979405
245,1998年6月,69666,1998,1998.5,81632.55210931785,-11966.552109317854
246,1998年7月,72041,1998,1998.5833333333333,81762.45868465677,-9721.458684656769
247,1998年8月,71793,1998,1998.6666666666667,81892.36525999568,-10099.365259995684
248,1998年9月,69262,1998,1998.75,82022.2718353346,-12760.271835334599
249,1998年10月,74921,1998,1998.8333333333333,82152.17841067351,-7231.178410673514
250,1998年11月,79673,1998,1998.9166666666667,82282.08498601243,-2609.084986012429
251,1998年12月,85565,1998,1999.0,82411.99156135134,3153.008438648656
252,1999年1月,115975,1999,1999.0833333333333,82541.89813669026,33433.10186330974
253,1999年2月,93049,1999,1999.1666666666667,82671.80471202917,10377.195287970826
254,1999年3月,87896,1999,1999.25,82801.71128736809,5094.288712631911
255,1999年4月,79394,1999,1999.3333333333333,82931.61786270654,-3537.6178627065383
256,1999年5月,78116,1999,1999.4166666666667,83061.52443804592,-4945.524438045919
257,1999年6月,70518,1999,1999.5,83191.43101338483,-12673.431013384834
258,1999年7月,72044,1999,1999.5833333333333,83321.33758872328,-11277.337588723283
259,1999年8月,72916,1999,1999.6666666666667,83451.24416406266,-10535.244164062664
260,1999年9月,69434,1999,1999.75,83581.15073940111,-14147.150739401113
261,1999年10月,76179,1999,1999.8333333333333,83711.05731474003,-7532.057314740028
262,1999年11月,78206,1999,1999.9166666666667,83840.96389007941,-5634.963890079409
263,1999年12月,88304,1999,2000.0,83970.87046541786,4333.129534582142
264,2000年1月,98264,2000,2000.0833333333333,84100.77704075677,14163.222959243227
265,2000年2月,92537,2000,2000.1666666666667,84230.68361609569,8306.316383904312
266,2000年3月,88682,2000,2000.25,84360.5901914346,4321.409808565397
267,2000年4月,79799,2000,2000.3333333333333,84490.49676677352,-4691.496766773518
268,2000年5月,76985,2000,2000.4166666666667,84620.40334211243,-7635.403342112433
269,2000年6月,69247,2000,2000.5,84750.30991745135,-15503.309917451348
270,2000年7月,72554,2000,2000.5833333333333,84880.21649279026,-12326.216492790263
271,2000年8月,72004,2000,2000.6666666666667,85010.12306812918,-13006.123068129178
272,2000年9月,69524,2000,2000.75,85140.0296434681,-15616.029643468093
273,2000年10月,75892,2000,2000.8333333333333,85269.93621880654,-9377.936218806542
274,2000年11月,79313,2000,2000.9166666666667,85399.84279414592,-6086.842794145923
275,2000年12月,86852,2000,2001.0,85529.74936948484,1322.250630515162
276,2001年1月,93575,2001,2001.0833333333333,85659.65594482329,7915.344055176713
277,2001年2月,80999,2001,2001.1666666666667,85789.56252016267,-4790.562520162668
278,2001年3月,88804,2001,2001.25,85919.46909550112,2884.5309044988826
279,2001年4月,82137,2001,2001.3333333333333,86049.37567084003,-3912.3756708400324
280,2001年5月,79085,2001,2001.4166666666667,86179.28224617941,-7094.282246179413
281,2001年6月,72163,2001,2001.5,86309.18882151786,-14146.188821517862
282,2001年7月,75403,2001,2001.5833333333333,86439.09539685678,-11036.095396856777
283,2001年8月,73598,2001,2001.6666666666667,86569.00197219569,-12971.001972195692
284,2001年9月,72692,2001,2001.75,86698.90854753461,-14006.908547534607
285,2001年10月,78782,2001,2001.8333333333333,86828.81512287352,-8046.815122873522
286,2001年11月,83546,2001,2001.9166666666667,86958.72169821244,-3412.7216982124373
287,2001年12月,89547,2001,2002.0,87088.62827355135,2458.3717264486477
288,2002年1月,93827,2002,2002.0833333333333,87218.53484889027,6608.465151109733
289,2002年2月,83225,2002,2002.1666666666667,87348.44142422918,-4123.441424229182
290,2002年3月,88232,2002,2002.25,87478.3479995681,753.6520004319027
291,2002年4月,79637,2002,2002.3333333333333,87608.25457490655,-7971.254574906547
292,2002年5月,79132,2002,2002.4166666666667,87738.16115024593,-8606.161150245927
293,2002年6月,73275,2002,2002.5,87868.06772558484,-14593.067725584842
294,2002年7月,76520,2002,2002.5833333333333,87997.97430092329,-11477.974300923292
295,2002年8月,75725,2002,2002.6666666666667,88127.88087626267,-12402.880876262672
296,2002年9月,73617,2002,2002.75,88257.78745160112,-14640.787451601122
297,2002年10月,80087,2002,2002.8333333333333,88387.69402694004,-8300.694026940037
298,2002年11月,87069,2002,2002.9166666666667,88517.60060227942,-1448.6006022794172
299,2002年12月,92033,2002,2003.0,88647.50717761787,3385.4928223821335
300,2003年1月,108157,2003,2003.0833333333333,88777.41375295678,19379.58624704322
301,2003年2月,88456,2003,2003.1666666666667,88907.3203282957,-451.3203282956965
302,2003年3月,91686,2003,2003.25,89037.22690363461,2648.7730963653885
303,2003年4月,83671,2003,2003.3333333333333,89167.13347897353,-5496.1334789735265
304,2003年5月,82229,2003,2003.4166666666667,89297.04005431244,-7068.0400543124415
305,2003年6月,74833,2003,2003.5,89426.94662965136,-14593.946629651356
306,2003年7月,76508,2003,2003.5833333333333,89556.85320499027,-13048.853204990271
307,2003年8月,77476,2003,2003.6666666666667,89686.75978032919,-12210.759780329186
308,2003年9月,74733,2003,2003.75,89816.6663556681,-15083.666355668101
309,2003年10月,82664,2003,2003.8333333333333,89946.57293100655,-7282.572931006551
310,2003年11月,82878,2003,2003.9166666666667,90076.47950634593,-7198.479506345931
311,2003年12月,91660,2003,2004.0,90206.38608168485,1453.6139183151536
312,2004年1月,99908,2004,2004.0833333333333,90336.2926570233,9571.707342976704
313,2004年2月,92415,2004,2004.1666666666667,90466.19923236268,1948.8007676373236
314,2004年3月,91961,2004,2004.25,90596.10580770113,1364.8941922988743
315,2004年4月,83574,2004,2004.3333333333333,90726.01238304004,-7152.012383040041
316,2004年5月,82730,2004,2004.4166666666667,90855.91895837942,-8125.918958379421
317,2004年6月,75575,2004,2004.5,90985.82553371787,-15410.82553371787
318,2004年7月,79403,2004,2004.5833333333333,91115.73210905679,-11712.732109056786
319,2004年8月,79135,2004,2004.6666666666667,91245.6386843957,-12110.6386843957
320,2004年9月,76086,2004,2004.75,91375.54525973462,-15289.545259734616
321,2004年10月,85774,2004,2004.8333333333333,91505.45183507353,-5731.451835073531
322,2004年11月,86762,2004,2004.9166666666667,91635.35841041245,-4873.358410412446
323,2004年12月,95279,2004,2005.0,91765.26498575136,3513.7350142486393
324,2005年1月,103215,2005,2005.0833333333333,91895.17156109028,11319.828438909724
325,2005年2月,95754,2005,2005.1666666666667,92025.07813642919,3728.9218635708094
326,2005年3月,108113,2005,2005.25,92154.9847117681,15958.015288231894
327,2005年4月,91577,2005,2005.3333333333333,92284.89128710655,-707.891287106555
328,2005年5月,86307,2005,2005.4166666666667,92414.79786244594,-6107.797862445936
329,2005年6月,78091,2005,2005.5,92544.70443778485,-14453.70443778485
330,2005年7月,80430,2005,2005.5833333333333,92674.6110131233,-12244.6110131233
331,2005年8月,82140,2005,2005.6666666666667,92804.51758846268,-10664.51758846268
332,2005年9月,78716,2005,2005.75,92934.42416380113,-14218.42416380113
333,2005年10月,85391,2005,2005.8333333333333,93064.33073914004,-7673.330739140045
334,2005年11月,90964,2005,2005.9166666666667,93194.23731447943,-2230.2373144794255
335,2005年12月,103098,2005,2006.0,93324.14388981787,9773.856110182125
336,2006年1月,109342,2006,2006.0833333333333,93454.05046515679,15887.94953484321
337,2006年2月,92842,2006,2006.1666666666667,93583.9570404957,-741.9570404957049
338,2006年3月,95705,2006,2006.25,93713.86361583462,1991.1363841653802
339,2006年4月,90660,2006,2006.3333333333333,93843.77019117353,-3183.770191173535
340,2006年5月,88613,2006,2006.4166666666667,93973.67676651245,-5360.67676651245
341,2006年6月,81168,2006,2006.5,94103.58334185136,-12935.583341851365
342,2006年7月,82915,2006,2006.5833333333333,94233.48991719028,-11318.48991719028
343,2006年8月,83443,2006,2006.6666666666667,94363.3964925292,-10920.396492529195
344,2006年9月,80605,2006,2006.75,94493.30306786811,-13888.30306786811
345,2006年10月,86512,2006,2006.8333333333333,94623.20964320656,-8111.209643206559
346,2006年11月,91726,2006,2006.9166666666667,94753.11621854594,-3027.11621854594
347,2006年12月,100920,2006,2007.0,94883.02279388485,6036.977206115145
348,2007年1月,104985,2007,2007.0833333333333,95012.9293692233,9972.070630776696
349,2007年2月,91426,2007,2007.1666666666667,95142.83594456268,-3716.8359445626847
350,2007年3月,101911,2007,2007.25,95272.74251990113,6638.257480098866
351,2007年4月,92130,2007,2007.3333333333333,95402.64909524005,-3272.649095240049
352,2007年5月,90112,2007,2007.4166666666667,95532.55567057943,-5420.55567057943
353,2007年6月,82231,2007,2007.5,95662.46224591788,-13431.462245917879
354,2007年7月,84523,2007,2007.5833333333333,95792.3688212568,-11269.368821256794
355,2007年8月,88049,2007,2007.6666666666667,95922.27539659571,-7873.275396595709
356,2007年9月,82998,2007,2007.75,96052.18197193462,-13054.181971934624
357,2007年10月,91459,2007,2007.8333333333333,96182.08854727354,-4723.088547273539
358,2007年11月,94706,2007,2007.9166666666667,96311.99512261245,-1605.995122612454
359,2007年12月,103804,2007,2008.0,96441.90169795137,7362.098302048631
360,2008年1月,110384,2008,2008.0833333333333,96571.80827329028,13812.191726709716
361,2008年2月,102413,2008,2008.1666666666667,96701.7148486292,5711.285151370801
362,2008年3月,102778,2008,2008.25,96831.62142396811,5946.378576031886
363,2008年4月,94055,2008,2008.3333333333333,96961.52799930656,-2906.5279993065633
364,2008年5月,91597,2008,2008.4166666666667,97091.43457464594,-5494.434574645944
365,2008年6月,84258,2008,2008.5,97221.34114998486,-12963.341149984859
366,2008年7月,87663,2008,2008.5833333333333,97351.24772532331,-9688.247725323308
367,2008年8月,88063,2008,2008.6666666666667,97481.15430066269,-9418.154300662689
368,2008年9月,85018,2008,2008.75,97611.06087600114,-12593.060876001138
369,2008年10月,92765,2008,2008.8333333333333,97740.96745134005,-4975.967451340053
370,2008年11月,97922,2008,2008.9166666666667,97870.87402667897,51.12597332103178
371,2008年12月,105491,2008,2009.0,98000.78060201788,7490.219397982117
372,2009年1月,114307,2009,2009.0833333333333,98130.6871773568,16176.312822643202
373,2009年2月,94331,2009,2009.1666666666667,98260.59375269571,-3929.593752695713
374,2009年3月,100985,2009,2009.25,98390.50032803463,2594.499671965372
375,2009年4月,93694,2009,2009.3333333333333,98520.40690337354,-4826.406903373543
376,2009年5月,92714,2009,2009.4166666666667,98650.31347871246,-5936.313478712458
377,2009年6月,84824,2009,2009.5,98780.22005405137,-13956.220054051373
378,2009年7月,86861,2009,2009.5833333333333,98910.12662939029,-12049.126629390288
379,2009年8月,88685,2009,2009.6666666666667,99040.0332047292,-10355.033204729203
380,2009年9月,87591,2009,2009.75,99169.93978006812,-11578.939780068118
381,2009年10月,94708,2009,2009.8333333333333,99299.84635540657,-4591.846355406567
382,2009年11月,97110,2009,2009.9166666666667,99429.75293074595,-2319.752930745948
383,2009年12月,106055,2009,2010.0,99559.65950608486,6495.340493915137
384,2010年1月,113091,2010,2010.0833333333333,99689.56608142331,13401.433918576688
385,2010年2月,97957,2010,2010.1666666666667,99819.4726567627,-1862.472656762693
386,2010年3月,103220,2010,2010.25,99949.37923210114,3270.6207678988576
387,2010年4月,98875,2010,2010.3333333333333,100079.28580744006,-1204.2858074400574
388,2010年5月,97707,2010,2010.4166666666667,100209.19238277897,-2502.1923827789724
389,2010年6月,90408,2010,2010.5,100339.09895811789,-9931.098958117887
390,2010年7月,95164,2010,2010.5833333333333,100469.0055334568,-5305.005533456802
391,2010年8月,95699,2010,2010.6666666666667,100598.91210879572,-4899.912108795717
392,2010年9月,91715,2010,2010.75,100728.81868413463,-9013.818684134632
393,2010年10月,98355,2010,2010.8333333333333,100858.72525947355,-2503.7252594735473
394,2010年11月,103939,2010,2010.9166666666667,100988.63183481246,2950.3681651875377
395,2010年12月,110884,2010,2011.0,101118.53841015138,9765.461589848623
396,2011年1月,121776,2011,2011.0833333333333,101248.44498549029,20527.555014509708
397,2011年2月,103008,2011,2011.1666666666667,101378.35156082921,1629.6484391707927
398,2011年3月,130052,2011,2011.25,101508.25813616812,28543.741863831878
399,2011年4月,103701,2011,2011.3333333333333,101638.16471150657,2062.8352884934284
400,2011年5月,101201,2011,2011.4166666666667,101768.07128684595,-567.0712868459523
401,2011年6月,94571,2011,2011.5,101897.97786218487,-7326.977862184867
402,2011年7月,94281,2011,2011.5833333333333,102027.88443752332,-7746.884437523317
403,2011年8月,96081,2011,2011.6666666666667,102157.7910128627,-6076.791012862697
404,2011年9月,92090,2011,2011.75,102287.69758820115,-10197.697588201147
405,2011年10月,100419,2011,2011.8333333333333,102417.60416354006,-1998.6041635400616
406,2011年11月,101395,2011,2011.9166666666667,102547.51073887898,-1152.5107388789766
407,2011年12月,114493,2011,2012.0,102677.41731421789,11815.582685782108
408,2012年1月,123101,2012,2012.0833333333333,102807.3238895568,20293.676110443193
409,2012年2月,114199,2012,2012.1666666666667,102937.23046489572,11261.769535104278
410,2012年3月,111130,2012,2012.25,103067.13704023464,8062.8629597653635
411,2012年4月,102562,2012,2012.3333333333333,103197.04361557355,-635.0436155735515
412,2012年5月,98945,2012,2012.4166666666667,103326.95019091247,-4381.9501909124665
413,2012年6月,90959,2012,2012.5,103456.85676625138,-12497.856766251381
414,2012年7月,94741,2012,2012.5833333333333,103586.7633415903,-8845.763341590296
415,2012年8月,96964,2012,2012.6666666666667,103716.66991692921,-6752.6699169292115
416,2012年9月,92880,2012,2012.75,103846.57649226813,-10966.576492268126
417,2012年10月,102648,2012,2012.8333333333333,103976.48306760658,-1328.4830676065758
418,2012年11月,108280,2012,2012.9166666666667,104106.38964294596,4173.610357054044
419,2012年12月,119950,2012,2013.0,104236.2962182844,15713.703781715594
420,2013年1月,127352,2013,2013.0833333333333,104366.20279362332,22985.79720637668
421,2013年2月,110772,2013,2013.1666666666667,104496.1093689627,6275.890631037299
422,2013年3月,111065,2013,2013.25,104626.01594430115,6438.984055698849
423,2013年4月,103571,2013,2013.3333333333333,104755.92251964007,-1184.9225196400657
424,2013年5月,102065,2013,2013.4166666666667,104885.82909497898,-2820.8290949789807
425,2013年6月,92313,2013,2013.5,105015.7356703179,-12702.735670317896
426,2013年7月,96883,2013,2013.5833333333333,105145.64224565681,-8262.64224565681
427,2013年8月,99049,2013,2013.6666666666667,105275.54882099573,-6226.548820995726
428,2013年9月,96208,2013,2013.75,105405.45539633464,-9197.45539633464
429,2013年10月,103060,2013,2013.8333333333333,105535.36197167356,-2475.3619716735557
430,2013年11月,108764,2013,2013.9166666666667,105665.26854701247,3098.7314529875293
431,2013年12月,117336,2013,2014.0,105795.17512235139,11540.824877648614
432,2014年1月,124705,2014,2014.0833333333333,105925.0816976903,18779.9183023097
433,2014年2月,110317,2014,2014.1666666666667,106054.98827302922,4262.011726970784
434,2014年3月,113808,2014,2014.25,106184.89484836813,7623.105151631869
435,2014年4月,104422,2014,2014.3333333333333,106314.80142370658,-1892.80142370658
436,2014年5月,100843,2014,2014.4166666666667,106444.70799904596,-5601.707999045961
437,2014年6月,92509,2014,2014.5,106574.61457438441,-14065.61457438441
438,2014年7月,95995,2014,2014.5833333333333,106704.52114972332,-10709.521149723325
439,2014年8月,98119,2014,2014.6666666666667,106834.4277250627,-8715.427725062706
440,2014年9月,97610,2014,2014.75,106964.33430040115,-9354.334300401155
441,2014年10月,104333,2014,2014.8333333333333,107094.24087574007,-2761.24087574007
442,2014年11月,108192,2014,2014.9166666666667,107224.14745107898,967.8525489210151
443,2014年12月,122172,2014,2015.0,107354.0540264179,14817.9459735821
444,2015年1月,134256,2015,2015.0833333333333,107483.96060175681,26772.039398243185
445,2015年2月,110042,2015,2015.1666666666667,107613.86717709573,2428.13282290427
446,2015年3月,113860,2015,2015.25,107743.77375243464,6116.226247565355
447,2015年4月,104886,2015,2015.3333333333333,107873.68032777356,-2987.68032777356
448,2015年5月,102731,2015,2015.4166666666667,108003.58690311247,-5272.586903112475
449,2015年6月,94569,2015,2015.5,108133.49347845139,-13564.49347845139
450,2015年7月,99448,2015,2015.5833333333333,108263.4000537903,-8815.400053790305
451,2015年8月,101081,2015,2015.6666666666667,108393.30662912922,-7312.30662912922
452,2015年9月,98242,2015,2015.75,108523.21320446813,-10281.213204468135
453,2015年10月,107928,2015,2015.8333333333333,108653.11977980658,-725.1197798065841
454,2015年11月,106616,2015,2015.9166666666667,108783.02635514596,-2167.0263551459648
455,2015年12月,116851,2015,2016.0,108912.93293048441,7938.067069515586
456,2016年1月,124668,2016,2016.0833333333333,109042.83950582333,15625.16049417667
457,2016年2月,114527,2016,2016.1666666666667,109172.74608116271,5354.25391883729
458,2016年3月,116072,2016,2016.25,109302.65265650116,6769.347343498841
459,2016年4月,105264,2016,2016.3333333333333,109432.55923184007,-4168.559231840074
460,2016年5月,103261,2016,2016.4166666666667,109562.46580717899,-6301.465807178989
461,2016年6月,95443,2016,2016.5,109692.3723825179,-14249.372382517904
462,2016年7月,99203,2016,2016.5833333333333,109822.27895785682,-10619.278957856819
463,2016年8月,103353,2016,2016.6666666666667,109952.18553319573,-6599.185533195734
464,2016年9月,100240,2016,2016.75,110082.09210853465,-9842.092108534649
465,2016年10月,109608,2016,2016.8333333333333,110211.99868387356,-603.998683873564
466,2016年11月,113856,2016,2016.9166666666667,110341.90525921248,3514.094740787521
467,2016年12月,122663,2016,2017.0,110471.8118345514,12191.188165448606
468,2017年1月,134174,2017,2017.0833333333333,110601.71840989031,23572.28159010969
469,2017年2月,116534,2017,2017.1666666666667,110731.62498522922,5802.375014770776
470,2017年3月,120019,2017,2017.25,110861.53156056814,9157.468439431861
471,2017年4月,108422,2017,2017.3333333333333,110991.43813590659,-2569.4381359065883
472,2017年5月,106278,2017,2017.4166666666667,111121.34471124597,-4843.344711245969
473,2017年6月,97844,2017,2017.5,111251.25128658442,-13407.251286584418
474,2017年7月,102387,2017,2017.5833333333333,111381.15786192333,-8994.157861923333
475,2017年8月,103617,2017,2017.6666666666667,111511.06443726271,-7894.064437262714
476,2017年9月,100893,2017,2017.75,111640.97101260116,-10747.971012601163
477,2017年10月,110422,2017,2017.8333333333333,111770.87758794008,-1348.8775879400782
478,2017年11月,115170,2017,2017.9166666666667,111900.784163279,3269.215836721007
479,2017年12月,124807,2017,2018.0,112030.69073861791,12776.309261382092
480,2018年1月,137773,2018,2018.0833333333333,112160.59731395682,25612.402686043177
481,2018年2月,122855,2018,2018.1666666666667,112290.50388929574,10564.496110704262
482,2018年3月,120575,2018,2018.25,112420.41046463465,8154.589535365347
483,2018年4月,108977,2018,2018.3333333333333,112550.31703997357,-3573.317039973568
484,2018年5月,106196,2018,2018.4166666666667,112680.22361531248,-6484.223615312483
485,2018年6月,98406,2018,2018.5,112810.1301906514,-14404.130190651398
486,2018年7月,106782,2018,2018.5833333333333,112940.03676598985,-6158.0367659898475
487,2018年8月,105948,2018,2018.6666666666667,113069.94334132923,-7121.943341329228
488,2018年9月,104679,2018,2018.75,113199.84991666814,-8520.849916668143
489,2018年10月,112320,2018,2018.8333333333333,113329.75649200659,-1009.7564920065925
490,2018年11月,114473,2018,2018.9166666666667,113459.66306734597,1013.3369326540269
491,2018年12月,123486,2018,2019.0,113589.56964268442,9896.430357315578
492,2019年1月,140223,2019,2019.0833333333333,113719.47621802334,26503.523781976663
493,2019年2月,117312,2019,2019.1666666666667,113849.38279336272,3462.617206637282
494,2019年3月,118335,2019,2019.25,113979.28936870117,4355.710631298833
495,2019年4月,112790,2019,2019.3333333333333,114109.19594404008,-1319.1959440400824
496,2019年5月,110055,2019,2019.4166666666667,114239.102519379,-4184.102519378997
497,2019年6月,101290,2019,2019.5,114369.00909471791,-13079.009094717912
498,2019年7月,105858,2019,2019.5833333333333,114498.91567005683,-8640.915670056827
499,2019年8月,110466,2019,2019.6666666666667,114628.82224539574,-4162.822245395742
500,2019年9月,106732,2019,2019.75,114758.72882073466,-8026.728820734657
501,2019年10月,113147,2019,2019.8333333333333,114888.63539607357,-1741.6353960735723
502,2019年11月,118152,2019,2019.9166666666667,115018.54197141249,3133.4580285875127
503,2019年12月,126733,2019,2020.0,115148.4485467514,11584.551453248598
504,2020年1月,131091,2020,2020.0833333333333,115278.35512208985,15812.644877910148
505,2020年2月,116139,2020,2020.1666666666667,115408.26169742923,730.7383025707677
506,2020年3月,118020,2020,2020.25,115538.16827276815,2481.8317272318527
507,2020年4月,112869,2020,2020.3333333333333,115668.0748481066,-2799.0748481065966
508,2020年5月,106992,2020,2020.4166666666667,115797.98142344598,-8805.981423445977
509,2020年6月,99326,2020,2020.5,115927.88799878443,-16601.887998784427
510,2020年7月,104126,2020,2020.5833333333333,116057.79457412334,-11931.794574123342
511,2020年8月,111141,2020,2020.6666666666667,116187.70114946272,-5046.701149462722
512,2020年9月,106345,2020,2020.75,116317.60772480117,-9972.607724801172
513,2020年10月,116951,2020,2020.8333333333333,116447.51430014009,503.48569985991344
514,2020年11月,117607,2020,2020.9166666666667,116577.420875479,1029.5791245209984
515,2020年12月,132148,2020,2021.0,116707.32745081792,15440.672549182083
516,2021年1月,139899,2021,2021.0833333333333,116837.23402615683,23061.76597384317
517,2021年2月,118129,2021,2021.1666666666667,116967.14060149575,1161.8593985042535
518,2021年3月,122189,2021,2021.25,117097.04717683466,5091.9528231653385
519,2021年4月,117260,2021,2021.3333333333333,117226.95375217358,33.046247826423496
520,2021年5月,117291,2021,2021.4166666666667,117356.86032751249,-65.8603275124915
521,2021年6月,107617,2021,2021.5,117486.7669028514,-9869.766902851406
522,2021年7月,111623,2021,2021.5833333333333,117616.67347818986,-5993.673478189856
523,2021年8月,116888,2021,2021.6666666666667,117746.58005352924,-858.5800535292365
524,2021年9月,114373,2021,2021.75,117876.48662886815,-3503.4866288681515
525,2021年10月,120067,2021,2021.8333333333333,118006.3932042066,2060.606795793399
526,2021年11月,121510,2021,2021.9166666666667,118136.29977954598,3373.7002204540186
527,2021年12月,133010,2021,2022.0,118266.20635488443,14743.79364511557
528,2022年1月,143288,2022,2022.0833333333333,118396.11293022335,24891.887069776654
529,2022年2月,137763,2022,2022.1666666666667,118526.01950556273,19236.980494437274
530,2022年3月,137983,2022,2022.25,118655.92608090118,19327.073919098824
531,2022年4月,120736,2022,2022.3333333333333,118785.83265624009,1950.1673437599093
532,2022年5月,119992,2022,2022.4166666666667,118915.739231579,1076.2607684209943
533,2022年6月,111054,2022,2022.5,119045.64580691792,-7991.645806917921
534,2022年7月,116960,2022,2022.5833333333333,119175.55238225684,-2215.5523822568357
535,2022年8月,134527,2022,2022.6666666666667,119305.45895759575,15221.54104240425
536,2022年9月,125463,2022,2022.75,119435.36553293467,6027.634467065334
537,2022年10月,130537,2022,2022.8333333333333,119565.27210827358,10971.72789172642
538,2022年11月,132975,2022,2022.9166666666667,119695.1786836125,13279.821316387504
539,2022年12月,157772,2022,2023.0,119825.08525895141,37946.91474104859
540,2023年1月,164264,2023,2023.0833333333333,119954.99183428986,44309.00816571014
541,2023年2月,134234,2023,2023.1666666666667,120084.89840962924,14149.10159037076
542,2023年3月,132596,2023,2023.25,120214.80498496816,12381.195015031844
543,2023年4月,121841,2023,2023.3333333333333,120344.7115603066,1496.288439693395
544,2023年5月,121023,2023,2023.4166666666667,120474.61813564599,548.3818643540144
545,2023年6月,112389,2023,2023.5,120604.52471098443,-8215.524710984435
546,2023年7月,119412,2023,2023.5833333333333,120734.43128632335,-1322.43128632335
547,2023年8月,129690,2023,2023.6666666666667,120864.33786166273,8825.66213833727
548,2023年9月,126188,2023,2023.75,120994.24443700118,5193.75556299882
549,2023年10月,132869,2023,2023.8333333333333,121124.1510123401,11744.848987659905
550,2023年11月,132796,2023,2023.9166666666667,121254.05758767901,11541.94241232099
551,2023年12月,148634,2023,2024.0,121383.96416301792,27250.035836982075
552,2024年1月,151988,2024,2024.0833333333333,121513.87073835684,30474.12926164316
553,2024年2月,138498,2024,2024.1666666666667,121643.77731369575,16854.222686304245
554,2024年3月,142937,2024,2024.25,121773.68388903467,21163.31611096533
555,2024年4月,126195,2024,2024.3333333333333,121903.59046437358,4291.409535626415
556,2024年5月,124167,2024,2024.4166666666667,122033.4970397125,2133.5029602875
557,2024年6月,116489,2024,2024.5,122163.40361505141,-5674.403615051415
558,2024年7月,126383,2024,2024.5833333333333,122293.31019038986,4089.689809610136
